-- MySQL dump 10.16  Distrib 10.1.13-MariaDB, for Linux (x86_64)
--
-- Host: localhost    Database: dragonhack
-- ------------------------------------------------------
-- Server version	10.1.13-MariaDB

/*!40101 SET @OLD_CHARACTER_SET_CLIENT=@@CHARACTER_SET_CLIENT */;
/*!40101 SET @OLD_CHARACTER_SET_RESULTS=@@CHARACTER_SET_RESULTS */;
/*!40101 SET @OLD_COLLATION_CONNECTION=@@COLLATION_CONNECTION */;
/*!40101 SET NAMES utf8 */;
/*!40103 SET @OLD_TIME_ZONE=@@TIME_ZONE */;
/*!40103 SET TIME_ZONE='+00:00' */;
/*!40014 SET @OLD_UNIQUE_CHECKS=@@UNIQUE_CHECKS, UNIQUE_CHECKS=0 */;
/*!40014 SET @OLD_FOREIGN_KEY_CHECKS=@@FOREIGN_KEY_CHECKS, FOREIGN_KEY_CHECKS=0 */;
/*!40101 SET @OLD_SQL_MODE=@@SQL_MODE, SQL_MODE='NO_AUTO_VALUE_ON_ZERO' */;
/*!40111 SET @OLD_SQL_NOTES=@@SQL_NOTES, SQL_NOTES=0 */;

--
-- Table structure for table `student`
--

DROP TABLE IF EXISTS `student`;
/*!40101 SET @saved_cs_client     = @@character_set_client */;
/*!40101 SET character_set_client = utf8 */;
CREATE TABLE `student` (
  `id` int(6) unsigned NOT NULL AUTO_INCREMENT,
  `term_id` int(6) unsigned NOT NULL,
  `student_id` int(8) unsigned NOT NULL,
  PRIMARY KEY (`id`),
  KEY `term_id` (`term_id`),
  CONSTRAINT `student_ibfk_1` FOREIGN KEY (`term_id`) REFERENCES `termin` (`id`) ON DELETE CASCADE
) ENGINE=InnoDB AUTO_INCREMENT=9 DEFAULT CHARSET=utf8;
/*!40101 SET character_set_client = @saved_cs_client */;

--
-- Dumping data for table `student`
--

LOCK TABLES `student` WRITE;
/*!40000 ALTER TABLE `student` DISABLE KEYS */;
INSERT INTO `student` VALUES (1,23,63150020),(2,101,63150020),(3,101,63150020),(4,101,63150020),(5,101,63150020),(6,101,63150020),(7,101,63150020),(8,101,63150020);
/*!40000 ALTER TABLE `student` ENABLE KEYS */;
UNLOCK TABLES;

--
-- Table structure for table `subject`
--

DROP TABLE IF EXISTS `subject`;
/*!40101 SET @saved_cs_client     = @@character_set_client */;
/*!40101 SET character_set_client = utf8 */;
CREATE TABLE `subject` (
  `id` int(6) unsigned NOT NULL AUTO_INCREMENT,
  `name` varchar(30) NOT NULL,
  `id_fri` int(4) unsigned NOT NULL,
  PRIMARY KEY (`id`)
) ENGINE=InnoDB AUTO_INCREMENT=60 DEFAULT CHARSET=utf8;
/*!40101 SET character_set_client = @saved_cs_client */;

--
-- Dumping data for table `subject`
--

LOCK TABLES `subject` WRITE;
/*!40000 ALTER TABLE `subject` DISABLE KEYS */;
INSERT INTO `subject` VALUES (1,'P2(63278)',4323),(2,'P2',4232),(3,'TPO(63256)',4296),(4,'DPS',4266),(5,'APS2',4246),(6,'OIS',4352),(7,'DS',4382),(8,'VIN',4254),(9,'RK',4321),(10,'RF',4288),(11,'RIS(63725)',4250),(12,'A',4274),(13,'ZZRS',4300),(14,'MM',4373),(15,'OO',4304),(16,'RIS(63268)',4302),(17,'TIS',4369),(18,'PB',4234),(19,'UV',4242),(20,'PMG',4252),(21,'LA',4348),(22,'APS2(63280)',4346),(23,'ARS',4397),(24,'TV',4384),(25,'BMO',4298),(26,'PNS',4244),(27,'SMRPO',4280),(28,'ST',4256),(29,'TV2',4268),(30,'TK',4248),(31,'OZIP(63525)',4308),(32,'DM',4399),(33,'ORS',4367),(34,'PPJ',4344),(35,'RK(63708)',4236),(36,'RT(63221)',4371),(37,'OI',4284),(38,'A',4314),(39,'RS(63509)',4276),(40,'PUI',4294),(41,'ARPI',4312),(42,'P(63265)',4292),(43,'KCR',4410),(44,'ARPI',4310),(45,'OVS',4240),(46,'RT',4290),(47,'IOI',4286),(48,'OiM',4272),(49,'OS(63709)',4238),(50,'PR',4264),(51,'UI(63510)',4278),(52,'ARPI',4317),(53,'ARPI',4319),(54,'EP(63248)',4403),(55,'NDN',4258),(56,'BSO',4306),(57,'NM(63522)',4282),(58,'IPIRI(63536)',4270),(59,'RPOII',4392);
/*!40000 ALTER TABLE `subject` ENABLE KEYS */;
UNLOCK TABLES;

--
-- Table structure for table `swap`
--

DROP TABLE IF EXISTS `swap`;
/*!40101 SET @saved_cs_client     = @@character_set_client */;
/*!40101 SET character_set_client = utf8 */;
CREATE TABLE `swap` (
  `id` int(6) unsigned NOT NULL AUTO_INCREMENT,
  `student_id` int(6) unsigned NOT NULL,
  `termin_id` int(6) unsigned NOT NULL,
  PRIMARY KEY (`id`),
  KEY `student_id` (`student_id`),
  KEY `termin_id` (`termin_id`),
  CONSTRAINT `swap_ibfk_1` FOREIGN KEY (`student_id`) REFERENCES `student` (`id`) ON DELETE CASCADE,
  CONSTRAINT `swap_ibfk_2` FOREIGN KEY (`termin_id`) REFERENCES `termin` (`id`) ON DELETE CASCADE
) ENGINE=InnoDB AUTO_INCREMENT=5 DEFAULT CHARSET=utf8;
/*!40101 SET character_set_client = @saved_cs_client */;

--
-- Dumping data for table `swap`
--

LOCK TABLES `swap` WRITE;
/*!40000 ALTER TABLE `swap` DISABLE KEYS */;
INSERT INTO `swap` VALUES (1,2,558),(2,2,559),(3,2,558),(4,2,559);
/*!40000 ALTER TABLE `swap` ENABLE KEYS */;
UNLOCK TABLES;

--
-- Table structure for table `termin`
--

DROP TABLE IF EXISTS `termin`;
/*!40101 SET @saved_cs_client     = @@character_set_client */;
/*!40101 SET character_set_client = utf8 */;
CREATE TABLE `termin` (
  `id` int(6) unsigned NOT NULL AUTO_INCREMENT,
  `subject_id` int(6) unsigned NOT NULL,
  `day` int(1) unsigned NOT NULL,
  `hour` int(2) unsigned NOT NULL,
  `room` varchar(30) NOT NULL,
  PRIMARY KEY (`id`),
  KEY `subject_id` (`subject_id`),
  CONSTRAINT `termin_ibfk_1` FOREIGN KEY (`subject_id`) REFERENCES `subject` (`id`) ON DELETE CASCADE
) ENGINE=InnoDB AUTO_INCREMENT=564 DEFAULT CHARSET=utf8;
/*!40101 SET character_set_client = @saved_cs_client */;

--
-- Dumping data for table `termin`
--

LOCK TABLES `termin` WRITE;
/*!40000 ALTER TABLE `termin` DISABLE KEYS */;
INSERT INTO `termin` VALUES (1,1,1,7,'K1129'),(2,1,1,7,'K1129'),(3,2,1,7,'PR12'),(4,3,1,7,'PR07'),(5,4,1,7,'PR06'),(6,2,2,7,'K1129'),(7,5,2,7,'P03'),(8,6,2,7,'PR07'),(9,7,3,7,'PR15'),(10,8,3,7,'PR17'),(11,9,3,7,'PR08'),(12,4,4,7,'PR17'),(13,7,4,7,'PR14'),(14,10,4,7,'PR07'),(15,9,4,7,'PR15'),(16,11,4,7,'PR16'),(17,12,5,7,'P04'),(18,11,5,7,'PR07'),(19,13,1,8,'PR15'),(20,9,1,8,'PR17'),(21,14,1,8,'PR08'),(22,7,1,8,'PR11'),(23,2,1,8,'PR16'),(24,15,1,8,'PR05'),(25,16,1,8,'R2.38'),(26,17,1,8,'PR09'),(27,18,1,8,'PR10'),(28,19,2,8,'PR17'),(29,20,2,8,'PR05'),(30,21,2,8,'PR12'),(31,9,2,8,'PR14'),(32,22,2,8,'PR08'),(33,23,2,8,'PR15'),(34,24,2,8,'PR09'),(35,25,2,8,'PR06'),(36,26,3,8,'PR14'),(37,1,3,8,'PR11'),(38,21,3,8,'PR06'),(39,14,3,8,'PR12'),(40,12,3,8,'P02'),(41,22,3,8,'PR16'),(42,27,3,8,'PR10'),(43,5,3,8,'P03'),(44,28,3,8,'PR07'),(45,29,3,8,'PR09'),(46,17,3,8,'K1129'),(47,21,4,8,'PR10'),(48,1,4,8,'PR11'),(49,15,4,8,'PR05'),(50,30,5,8,'PR14'),(51,31,5,8,'PR12'),(52,32,5,8,'PR15'),(53,33,5,8,'PR09'),(54,22,5,8,'PR16'),(55,22,5,8,'PR10'),(56,3,5,8,'PR11'),(57,3,5,8,'PR08'),(58,25,5,8,'PR06'),(59,34,1,9,'PR06'),(60,14,1,9,'PR07'),(61,2,1,9,'PR14'),(62,35,1,9,'K1129'),(63,36,1,9,'PR12'),(64,30,2,9,'PR10'),(65,21,2,9,'PR16'),(66,6,2,9,'PR11'),(67,6,2,9,'PR07'),(68,37,3,9,'PR08'),(69,8,3,9,'PR17'),(70,34,4,9,'PR14'),(71,21,4,9,'PR12'),(72,1,4,9,'PR06'),(73,9,4,9,'K1129'),(74,9,4,9,'PR07'),(75,38,4,9,'PR16'),(76,6,4,9,'PR08'),(77,12,4,9,'P02'),(78,39,4,9,'PR09'),(79,23,4,9,'PR15'),(80,40,4,9,'PR17'),(81,12,5,9,'P18'),(82,22,5,9,'PR17'),(83,31,1,10,'PR10'),(84,17,1,10,'PR09'),(85,7,2,10,'PR06'),(86,20,2,10,'PR05'),(87,1,2,10,'PR17'),(88,41,2,10,'PR08'),(89,6,2,10,'PR14'),(90,5,2,10,'PR12'),(91,42,3,10,'PR07'),(92,19,3,10,'PR11'),(93,32,3,10,'PR14'),(94,22,3,10,'PR16'),(95,43,3,10,'PR11'),(96,12,3,10,'P04'),(97,6,3,10,'PR12'),(98,22,3,10,'PR06'),(99,34,3,10,'PR10'),(100,11,3,10,'PR15'),(101,23,3,10,'K1129'),(102,21,4,10,'PR11'),(103,44,4,10,'PR05'),(104,34,5,10,'PR06'),(105,19,5,10,'PR10'),(106,33,5,10,'PR09'),(107,5,5,10,'P03'),(108,25,5,10,'PR07'),(109,34,1,11,'PR08'),(110,2,1,11,'PR16'),(111,35,1,11,'K1129'),(112,15,1,11,'PR05'),(113,45,1,11,'PR11'),(114,45,1,11,'PR07'),(115,18,1,11,'PR12'),(116,45,1,11,'PR06'),(117,45,1,11,'PR15'),(118,46,2,11,'PR11'),(119,21,2,11,'PR07'),(120,1,2,11,'PR16'),(121,6,2,11,'PR10'),(122,23,2,11,'PR15'),(123,47,3,11,'PR08'),(124,31,3,11,'PR17'),(125,48,4,11,'PR15'),(126,6,4,11,'PR08'),(127,2,4,11,'PR10'),(128,49,4,11,'PR09'),(129,45,4,11,'PR07'),(130,18,4,11,'PR06'),(131,34,5,11,'PR08'),(132,18,5,11,'PR16'),(133,47,1,12,'PR10'),(134,23,1,12,'PR09'),(135,50,2,12,'PR17'),(136,47,2,12,'PR05'),(137,9,2,12,'PR06'),(138,45,2,12,'PR14'),(139,51,3,12,'PR15'),(140,2,3,12,'PR14'),(141,35,3,12,'PR09'),(142,46,3,12,'PR05'),(143,45,3,12,'PR16'),(144,18,3,12,'PR12'),(145,18,3,12,'PR10'),(146,21,4,12,'PR14'),(147,1,4,12,'PR17'),(148,21,4,12,'K1129'),(149,1,4,12,'PR12'),(150,15,4,12,'PR05'),(151,19,5,12,'PR10'),(152,43,5,12,'PR10'),(153,21,5,12,'PR06'),(154,2,5,12,'PR17'),(155,35,5,12,'PR09'),(156,22,5,12,'K1129'),(157,22,5,12,'PR11'),(158,5,5,12,'P03'),(159,45,5,12,'PR14'),(160,28,5,12,'PR12'),(161,18,5,12,'PR15'),(162,7,1,13,'PR16'),(163,51,1,13,'PR17'),(164,1,1,13,'PR12'),(165,1,1,13,'PR08'),(166,1,1,13,'PR06'),(167,52,1,13,'PR15'),(168,9,1,13,'PR07'),(169,53,1,13,'PR11'),(170,15,1,13,'PR05'),(171,54,1,13,'P20'),(172,1,2,13,'PR16'),(173,21,2,13,'PR15'),(174,1,2,13,'PR11'),(175,55,2,13,'PR08'),(176,23,2,13,'PR09'),(177,6,2,13,'PR07'),(178,6,2,13,'PR10'),(179,45,2,13,'PR12'),(180,13,3,13,'PR17'),(181,47,3,13,'PR08'),(182,28,3,13,'PR11'),(183,45,3,13,'PR07'),(184,22,3,13,'PR06'),(185,16,3,13,'R2.38'),(186,51,4,13,'PR10'),(187,21,4,13,'PR07'),(188,49,4,13,'PR09'),(189,48,4,13,'PR11'),(190,9,4,13,'PR15'),(191,12,4,13,'P03'),(192,23,4,13,'PR16'),(193,10,1,14,'PR10'),(194,39,1,14,'PR09'),(195,20,2,14,'PR05'),(196,2,3,14,'PR14'),(197,35,3,14,'PR05'),(198,12,3,14,'P02'),(199,39,3,14,'PR09'),(200,15,4,14,'PR05'),(201,2,4,14,'PR14'),(202,9,4,14,'PR17'),(203,6,4,14,'PR08'),(204,34,5,14,'PR16'),(205,3,5,14,'PR07'),(206,21,5,14,'PR08'),(207,31,5,14,'PR17'),(208,2,5,14,'PR14'),(209,22,5,14,'PR12'),(210,19,5,14,'PR09'),(211,35,5,14,'K1129'),(212,16,5,14,'R2.38'),(213,5,5,14,'P03'),(214,27,5,14,'PR10'),(215,18,5,14,'PR11'),(216,28,1,15,'PR11'),(217,19,1,15,'PR07'),(218,54,1,15,'P18'),(219,1,1,15,'PR06'),(220,1,1,15,'PR08'),(221,49,1,15,'PR05'),(222,9,1,15,'PR14'),(223,5,1,15,'P03'),(224,56,1,15,'K1129'),(225,27,1,15,'PR16'),(226,7,2,15,'PR14'),(227,19,2,15,'PR11'),(228,1,2,15,'PR07'),(229,10,2,15,'PR17'),(230,6,2,15,'PR10'),(231,6,2,15,'PR16'),(232,28,2,15,'PR08'),(233,23,2,15,'PR09'),(234,17,2,15,'PR15'),(235,50,3,15,'PR10'),(236,17,3,15,'K1129'),(237,57,3,15,'PR11'),(238,1,3,15,'PR08'),(239,2,3,15,'PR16'),(240,49,3,15,'PR12'),(241,6,3,15,'PR15'),(242,5,3,15,'P03'),(243,45,3,15,'PR06'),(244,18,3,15,'PR07'),(245,50,4,15,'PR12'),(246,54,4,15,'P18'),(247,21,4,15,'PR06'),(248,1,4,15,'PR16'),(249,49,4,15,'PR09'),(250,49,4,15,'K1129'),(251,6,4,15,'PR07'),(252,23,4,15,'PR15'),(253,1,4,15,'PR11'),(254,18,4,15,'PR10'),(255,58,1,16,'P02'),(256,59,1,16,'PR09'),(257,9,1,16,'PR10'),(258,45,1,16,'PR12'),(259,45,1,16,'PR17'),(260,42,2,16,'K1129'),(261,20,2,16,'PR05'),(262,7,3,16,'PR05'),(263,26,4,16,'PR17'),(264,33,5,16,'PR09'),(265,48,1,17,'PR15'),(266,30,2,17,'PR17'),(267,37,2,17,'PR08'),(268,33,2,17,'PR12'),(269,54,2,17,'P18'),(270,22,2,17,'PR16'),(271,6,2,17,'PR09'),(272,28,2,17,'PR11'),(273,4,2,17,'PR06'),(274,49,3,17,'PR12'),(275,11,3,17,'PR15'),(276,6,3,17,'PR08'),(277,5,3,17,'P03'),(278,49,4,17,'K1129'),(279,6,4,17,'PR09'),(280,9,1,18,'K1129'),(281,6,2,18,'PR05'),(282,33,5,18,'PR09'),(283,1,1,7,'K1129'),(284,2,1,7,'PR12'),(285,3,1,7,'PR07'),(286,4,1,7,'PR06'),(287,2,2,7,'K1129'),(288,5,2,7,'P03'),(289,6,2,7,'PR07'),(290,7,3,7,'PR15'),(291,8,3,7,'PR17'),(292,9,3,7,'PR08'),(293,4,4,7,'PR17'),(294,7,4,7,'PR14'),(295,10,4,7,'PR07'),(296,9,4,7,'PR15'),(297,11,4,7,'PR16'),(298,12,5,7,'P04'),(299,11,5,7,'PR07'),(300,13,1,8,'PR15'),(301,9,1,8,'PR17'),(302,14,1,8,'PR08'),(303,7,1,8,'PR11'),(304,2,1,8,'PR16'),(305,15,1,8,'PR05'),(306,16,1,8,'R2.38'),(307,17,1,8,'PR09'),(308,18,1,8,'PR10'),(309,19,2,8,'PR17'),(310,20,2,8,'PR05'),(311,21,2,8,'PR12'),(312,9,2,8,'PR14'),(313,22,2,8,'PR08'),(314,23,2,8,'PR15'),(315,24,2,8,'PR09'),(316,25,2,8,'PR06'),(317,26,3,8,'PR14'),(318,1,3,8,'PR11'),(319,21,3,8,'PR06'),(320,14,3,8,'PR12'),(321,12,3,8,'P02'),(322,22,3,8,'PR16'),(323,27,3,8,'PR10'),(324,5,3,8,'P03'),(325,28,3,8,'PR07'),(326,29,3,8,'PR09'),(327,17,3,8,'K1129'),(328,21,4,8,'PR10'),(329,1,4,8,'PR11'),(330,15,4,8,'PR05'),(331,30,5,8,'PR14'),(332,31,5,8,'PR12'),(333,32,5,8,'PR15'),(334,33,5,8,'PR09'),(335,22,5,8,'PR16'),(336,22,5,8,'PR10'),(337,3,5,8,'PR11'),(338,3,5,8,'PR08'),(339,25,5,8,'PR06'),(340,34,1,9,'PR06'),(341,14,1,9,'PR07'),(342,2,1,9,'PR14'),(343,35,1,9,'K1129'),(344,36,1,9,'PR12'),(345,30,2,9,'PR10'),(346,21,2,9,'PR16'),(347,6,2,9,'PR11'),(348,6,2,9,'PR07'),(349,37,3,9,'PR08'),(350,8,3,9,'PR17'),(351,34,4,9,'PR14'),(352,21,4,9,'PR12'),(353,1,4,9,'PR06'),(354,9,4,9,'K1129'),(355,9,4,9,'PR07'),(356,38,4,9,'PR16'),(357,6,4,9,'PR08'),(358,12,4,9,'P02'),(359,39,4,9,'PR09'),(360,23,4,9,'PR15'),(361,40,4,9,'PR17'),(362,12,5,9,'P18'),(363,22,5,9,'PR17'),(364,31,1,10,'PR10'),(365,17,1,10,'PR09'),(366,7,2,10,'PR06'),(367,20,2,10,'PR05'),(368,1,2,10,'PR17'),(369,41,2,10,'PR08'),(370,6,2,10,'PR14'),(371,5,2,10,'PR12'),(372,42,3,10,'PR07'),(373,19,3,10,'PR11'),(374,32,3,10,'PR14'),(375,22,3,10,'PR16'),(376,43,3,10,'PR11'),(377,12,3,10,'P04'),(378,6,3,10,'PR12'),(379,22,3,10,'PR06'),(380,34,3,10,'PR10'),(381,11,3,10,'PR15'),(382,23,3,10,'K1129'),(383,21,4,10,'PR11'),(384,44,4,10,'PR05'),(385,34,5,10,'PR06'),(386,19,5,10,'PR10'),(387,33,5,10,'PR09'),(388,5,5,10,'P03'),(389,25,5,10,'PR07'),(390,34,1,11,'PR08'),(391,2,1,11,'PR16'),(392,35,1,11,'K1129'),(393,15,1,11,'PR05'),(394,45,1,11,'PR11'),(395,45,1,11,'PR07'),(396,18,1,11,'PR12'),(397,45,1,11,'PR06'),(398,45,1,11,'PR15'),(399,46,2,11,'PR11'),(400,21,2,11,'PR07'),(401,1,2,11,'PR16'),(402,6,2,11,'PR10'),(403,23,2,11,'PR15'),(404,47,3,11,'PR08'),(405,31,3,11,'PR17'),(406,48,4,11,'PR15'),(407,6,4,11,'PR08'),(408,2,4,11,'PR10'),(409,49,4,11,'PR09'),(410,45,4,11,'PR07'),(411,18,4,11,'PR06'),(412,34,5,11,'PR08'),(413,18,5,11,'PR16'),(414,47,1,12,'PR10'),(415,23,1,12,'PR09'),(416,50,2,12,'PR17'),(417,47,2,12,'PR05'),(418,9,2,12,'PR06'),(419,45,2,12,'PR14'),(420,51,3,12,'PR15'),(421,2,3,12,'PR14'),(422,35,3,12,'PR09'),(423,46,3,12,'PR05'),(424,45,3,12,'PR16'),(425,18,3,12,'PR12'),(426,18,3,12,'PR10'),(427,21,4,12,'PR14'),(428,1,4,12,'PR17'),(429,21,4,12,'K1129'),(430,1,4,12,'PR12'),(431,15,4,12,'PR05'),(432,19,5,12,'PR10'),(433,43,5,12,'PR10'),(434,21,5,12,'PR06'),(435,2,5,12,'PR17'),(436,35,5,12,'PR09'),(437,22,5,12,'K1129'),(438,22,5,12,'PR11'),(439,5,5,12,'P03'),(440,45,5,12,'PR14'),(441,28,5,12,'PR12'),(442,18,5,12,'PR15'),(443,7,1,13,'PR16'),(444,51,1,13,'PR17'),(445,1,1,13,'PR12'),(446,1,1,13,'PR08'),(447,1,1,13,'PR06'),(448,52,1,13,'PR15'),(449,9,1,13,'PR07'),(450,53,1,13,'PR11'),(451,15,1,13,'PR05'),(452,54,1,13,'P20'),(453,1,2,13,'PR16'),(454,21,2,13,'PR15'),(455,1,2,13,'PR11'),(456,55,2,13,'PR08'),(457,23,2,13,'PR09'),(458,6,2,13,'PR07'),(459,6,2,13,'PR10'),(460,45,2,13,'PR12'),(461,13,3,13,'PR17'),(462,47,3,13,'PR08'),(463,28,3,13,'PR11'),(464,45,3,13,'PR07'),(465,22,3,13,'PR06'),(466,16,3,13,'R2.38'),(467,51,4,13,'PR10'),(468,21,4,13,'PR07'),(469,49,4,13,'PR09'),(470,48,4,13,'PR11'),(471,9,4,13,'PR15'),(472,12,4,13,'P03'),(473,23,4,13,'PR16'),(474,10,1,14,'PR10'),(475,39,1,14,'PR09'),(476,20,2,14,'PR05'),(477,2,3,14,'PR14'),(478,35,3,14,'PR05'),(479,12,3,14,'P02'),(480,39,3,14,'PR09'),(481,15,4,14,'PR05'),(482,2,4,14,'PR14'),(483,9,4,14,'PR17'),(484,6,4,14,'PR08'),(485,34,5,14,'PR16'),(486,3,5,14,'PR07'),(487,21,5,14,'PR08'),(488,31,5,14,'PR17'),(489,2,5,14,'PR14'),(490,22,5,14,'PR12'),(491,19,5,14,'PR09'),(492,35,5,14,'K1129'),(493,16,5,14,'R2.38'),(494,5,5,14,'P03'),(495,27,5,14,'PR10'),(496,18,5,14,'PR11'),(497,28,1,15,'PR11'),(498,19,1,15,'PR07'),(499,54,1,15,'P18'),(500,1,1,15,'PR06'),(501,1,1,15,'PR08'),(502,49,1,15,'PR05'),(503,9,1,15,'PR14'),(504,5,1,15,'P03'),(505,56,1,15,'K1129'),(506,27,1,15,'PR16'),(507,7,2,15,'PR14'),(508,19,2,15,'PR11'),(509,1,2,15,'PR07'),(510,10,2,15,'PR17'),(511,6,2,15,'PR10'),(512,6,2,15,'PR16'),(513,28,2,15,'PR08'),(514,23,2,15,'PR09'),(515,17,2,15,'PR15'),(516,50,3,15,'PR10'),(517,17,3,15,'K1129'),(518,57,3,15,'PR11'),(519,1,3,15,'PR08'),(520,2,3,15,'PR16'),(521,49,3,15,'PR12'),(522,6,3,15,'PR15'),(523,5,3,15,'P03'),(524,45,3,15,'PR06'),(525,18,3,15,'PR07'),(526,50,4,15,'PR12'),(527,54,4,15,'P18'),(528,21,4,15,'PR06'),(529,1,4,15,'PR16'),(530,49,4,15,'PR09'),(531,49,4,15,'K1129'),(532,6,4,15,'PR07'),(533,23,4,15,'PR15'),(534,1,4,15,'PR11'),(535,18,4,15,'PR10'),(536,58,1,16,'P02'),(537,59,1,16,'PR09'),(538,9,1,16,'PR10'),(539,45,1,16,'PR12'),(540,45,1,16,'PR17'),(541,42,2,16,'K1129'),(542,20,2,16,'PR05'),(543,7,3,16,'PR05'),(544,26,4,16,'PR17'),(545,33,5,16,'PR09'),(546,48,1,17,'PR15'),(547,30,2,17,'PR17'),(548,37,2,17,'PR08'),(549,33,2,17,'PR12'),(550,54,2,17,'P18'),(551,22,2,17,'PR16'),(552,6,2,17,'PR09'),(553,28,2,17,'PR11'),(554,4,2,17,'PR06'),(555,49,3,17,'PR12'),(556,11,3,17,'PR15'),(557,6,3,17,'PR08'),(558,5,3,17,'P03'),(559,49,4,17,'K1129'),(560,6,4,17,'PR09'),(561,9,1,18,'K1129'),(562,6,2,18,'PR05'),(563,33,5,18,'PR09');
/*!40000 ALTER TABLE `termin` ENABLE KEYS */;
UNLOCK TABLES;
/*!40103 SET TIME_ZONE=@OLD_TIME_ZONE */;

/*!40101 SET SQL_MODE=@OLD_SQL_MODE */;
/*!40014 SET FOREIGN_KEY_CHECKS=@OLD_FOREIGN_KEY_CHECKS */;
/*!40014 SET UNIQUE_CHECKS=@OLD_UNIQUE_CHECKS */;
/*!40101 SET CHARACTER_SET_CLIENT=@OLD_CHARACTER_SET_CLIENT */;
/*!40101 SET CHARACTER_SET_RESULTS=@OLD_CHARACTER_SET_RESULTS */;
/*!40101 SET COLLATION_CONNECTION=@OLD_COLLATION_CONNECTION */;
/*!40111 SET SQL_NOTES=@OLD_SQL_NOTES */;

-- Dump completed on 2016-05-14 23:38:36
